row_num,session_code,interaction_num,conversation,room,pid,num_id,c_id,p_colour,p_colour_rgb,chair,ptr_id,ptr_num_id,ptr_c_id,ptr_colour,ptr_colour_rgb,ptr_chair,topic_1,topic_2,qr_name,ptr_qr_name,summary_qs_present,piq_present,video_filed,video_path
0,s998,1,1,1,M106,106,M,magenta,"(255, 15, 207)",1.1,P109,109,P,purple,"(138, 43, 226)",1.2,Topic B8,Topic A1,M106_1,P109_1,1,1,1,./Data/s998/session_videos/s998_tgt_M106_ptr_P109.mov
1,s998,1,1,1,P109,109,P,purple,"(138, 43, 226)",1.2,M106,106,M,magenta,"(255, 15, 207)",1.1,Topic B8,Topic A1,P109_1,M106_1,1,1,1,./Data/s998/session_videos/s998_tgt_P109_ptr_M106.mov
2,s998,1,2,2,B107,107,B,blue,"(0, 128, 255)",2.1,K110,110,K,black,"(0, 0, 0)",2.2,Topic A1,Topic B8,B107_1,K110_1,1,1,1,./Data/s998/session_videos/s998_tgt_B107_ptr_K110.mov
3,s998,1,2,2,K110,110,K,black,"(0, 0, 0)",2.2,B107,107,B,blue,"(0, 128, 255)",2.1,Topic A1,Topic B8,K110_1,B107_1,1,1,1,./Data/s998/session_videos/s998_tgt_K110_ptr_B107.mov
4,s998,1,3,3,G108,108,G,green,"(2, 169, 47)",3.1,X0,0,X,no_color,"(255, 255, 255)",3.1,pass,pass,G108_1,X0_1,0,0,0,
5,s998,1,3,3,X0,0,X,no_color,"(255, 255, 255)",3.1,G108,108,G,green,"(2, 169, 47)",3.1,pass,pass,X0_1,G108_1,0,0,0,
6,s998,2,1,2,M106,106,M,magenta,"(255, 15, 207)",2.2,K110,110,K,black,"(0, 0, 0)",2.1,Topic A8,Topic B3,M106_2,K110_2,1,1,1,./Data/s998/session_videos/s998_tgt_M106_ptr_K110.mov
7,s998,2,1,2,K110,110,K,black,"(0, 0, 0)",2.1,M106,106,M,magenta,"(255, 15, 207)",2.2,Topic A8,Topic B3,K110_2,M106_2,1,1,1,./Data/s998/session_videos/s998_tgt_K110_ptr_M106.mov
8,s998,2,2,3,P109,109,P,purple,"(138, 43, 226)",3.1,X0,0,X,no_color,"(255, 255, 255)",3.1,pass,pass,P109_2,X0_2,1,0,0,
9,s998,2,2,3,X0,0,X,no_color,"(255, 255, 255)",3.1,P109,109,P,purple,"(138, 43, 226)",3.1,pass,pass,X0_2,P109_2,0,0,0,
10,s998,2,3,1,B107,107,B,blue,"(0, 128, 255)",1.1,G108,108,G,green,"(2, 169, 47)",1.2,Topic B3,Topic A8,B107_2,G108_2,1,1,1,./Data/s998/session_videos/s998_tgt_B107_ptr_G108.mov
11,s998,2,3,1,G108,108,G,green,"(2, 169, 47)",1.2,B107,107,B,blue,"(0, 128, 255)",1.1,Topic B3,Topic A8,G108_2,B107_2,0,1,1,./Data/s998/session_videos/s998_tgt_G108_ptr_B107.mov
12,s998,3,1,3,M106,106,M,magenta,"(255, 15, 207)",3.1,X0,0,X,no_color,"(255, 255, 255)",3.1,pass,pass,M106_3,X0_3,1,0,0,
13,s998,3,1,3,X0,0,X,no_color,"(255, 255, 255)",3.1,M106,106,M,magenta,"(255, 15, 207)",3.1,pass,pass,X0_3,M106_3,0,0,0,
14,s998,3,2,1,K110,110,K,black,"(0, 0, 0)",1.2,G108,108,G,green,"(2, 169, 47)",1.1,Topic B7,Topic A3,K110_3,G108_3,1,1,1,./Data/s998/session_videos/s998_tgt_K110_ptr_G108.mov
15,s998,3,2,1,G108,108,G,green,"(2, 169, 47)",1.1,K110,110,K,black,"(0, 0, 0)",1.2,Topic B7,Topic A3,G108_3,K110_3,0,1,1,./Data/s998/session_videos/s998_tgt_G108_ptr_K110.mov
16,s998,3,3,2,P109,109,P,purple,"(138, 43, 226)",2.1,B107,107,B,blue,"(0, 128, 255)",2.2,Topic B7,Topic A3,P109_3,B107_3,1,1,1,./Data/s998/session_videos/s998_tgt_P109_ptr_B107.mov
17,s998,3,3,2,B107,107,B,blue,"(0, 128, 255)",2.2,P109,109,P,purple,"(138, 43, 226)",2.1,Topic B7,Topic A3,B107_3,P109_3,1,1,1,./Data/s998/session_videos/s998_tgt_B107_ptr_P109.mov
18,s998,4,1,2,M106,106,M,magenta,"(255, 15, 207)",2.1,G108,108,G,green,"(2, 169, 47)",2.2,Topic B2,Topic A6,M106_4,G108_4,1,1,1,./Data/s998/session_videos/s998_tgt_M106_ptr_G108.mov
19,s998,4,1,2,G108,108,G,green,"(2, 169, 47)",2.2,M106,106,M,magenta,"(255, 15, 207)",2.1,Topic B2,Topic A6,G108_4,M106_4,0,1,1,./Data/s998/session_videos/s998_tgt_G108_ptr_M106.mov
20,s998,4,2,3,X0,0,X,no_color,"(255, 255, 255)",3.1,B107,107,B,blue,"(0, 128, 255)",3.1,pass,pass,X0_4,B107_4,0,0,0,
21,s998,4,2,3,B107,107,B,blue,"(0, 128, 255)",3.1,X0,0,X,no_color,"(255, 255, 255)",3.1,pass,pass,B107_4,X0_4,1,0,0,
22,s998,4,3,1,K110,110,K,black,"(0, 0, 0)",1.1,P109,109,P,purple,"(138, 43, 226)",1.2,Topic B2,Topic A6,K110_4,P109_4,1,1,1,./Data/s998/session_videos/s998_tgt_K110_ptr_P109.mov
23,s998,4,3,1,P109,109,P,purple,"(138, 43, 226)",1.2,K110,110,K,black,"(0, 0, 0)",1.1,Topic B2,Topic A6,P109_4,K110_4,1,1,1,./Data/s998/session_videos/s998_tgt_P109_ptr_K110.mov
24,s998,5,1,1,M106,106,M,magenta,"(255, 15, 207)",1.1,B107,107,B,blue,"(0, 128, 255)",1.2,Topic B5,Topic A5,M106_5,B107_5,1,1,1,./Data/s998/session_videos/s998_tgt_M106_ptr_B107.mov
25,s998,5,1,1,B107,107,B,blue,"(0, 128, 255)",1.2,M106,106,M,magenta,"(255, 15, 207)",1.1,Topic B5,Topic A5,B107_5,M106_5,1,1,1,./Data/s998/session_videos/s998_tgt_B107_ptr_M106.mov
26,s998,5,2,2,G108,108,G,green,"(2, 169, 47)",2.1,P109,109,P,purple,"(138, 43, 226)",2.2,Topic A5,Topic B5,G108_5,P109_5,0,1,1,./Data/s998/session_videos/s998_tgt_G108_ptr_P109.mov
27,s998,5,2,2,P109,109,P,purple,"(138, 43, 226)",2.2,G108,108,G,green,"(2, 169, 47)",2.1,Topic A5,Topic B5,P109_5,G108_5,1,1,1,./Data/s998/session_videos/s998_tgt_P109_ptr_G108.mov
28,s998,5,3,3,X0,0,X,no_color,"(255, 255, 255)",3.1,K110,110,K,black,"(0, 0, 0)",3.1,pass,pass,X0_5,K110_5,0,0,0,
29,s998,5,3,3,K110,110,K,black,"(0, 0, 0)",3.1,X0,0,X,no_color,"(255, 255, 255)",3.1,pass,pass,K110_5,X0_5,1,0,0,
