row_num,session_code,interaction_num,conversation,room,pid,num_id,c_id,p_colour,p_colour_rgb,chair,ptr_id,ptr_num_id,ptr_c_id,ptr_colour,ptr_colour_rgb,ptr_chair,topic_1,topic_2,qr_name,ptr_qr_name,summary_qs_present,piq_present,video_filed,video_path
0,s997,1,1,1.0,M111,111,M,magenta,"(255, 15, 207)",1.1,P114,114,P,purple,"(138, 43, 226)",1.2,Topic B3,Topic A3,M111_1,P114_1,1,1,1,./Data/s997/session_videos/s997_tgt_M111_ptr_P114.mov
1,s997,1,1,1.0,P114,114,P,purple,"(138, 43, 226)",1.2,M111,111,M,magenta,"(255, 15, 207)",1.1,Topic B3,Topic A3,P114_1,M111_1,1,1,1,./Data/s997/session_videos/s997_tgt_P114_ptr_M111.mov
2,s997,1,2,2.0,B112,112,B,blue,"(0, 128, 255)",2.1,K115,115,K,black,"(0, 0, 0)",2.2,Topic A3,Topic B3,B112_1,K115_1,1,1,1,./Data/s997/session_videos/s997_tgt_B112_ptr_K115.mov
3,s997,1,2,2.0,K115,115,K,black,"(0, 0, 0)",2.2,B112,112,B,blue,"(0, 128, 255)",2.1,Topic A3,Topic B3,K115_1,B112_1,1,1,1,./Data/s997/session_videos/s997_tgt_K115_ptr_B112.mov
4,s997,1,3,3.0,G113,113,G,green,"(2, 169, 47)",3.1,X0,0,X,no_color,"(255, 255, 255)",3.1,pass,pass,G113_1,X0_1,1,0,0,
5,s997,1,3,3.0,X0,0,X,no_color,"(255, 255, 255)",3.1,G113,113,G,green,"(2, 169, 47)",3.1,pass,pass,X0_1,G113_1,0,0,0,
6,s997,2,1,2.0,M111,111,M,magenta,"(255, 15, 207)",2.2,K115,115,K,black,"(0, 0, 0)",2.1,Topic B8,Topic A5,M111_2,K115_2,1,1,1,./Data/s997/session_videos/s997_tgt_M111_ptr_K115.mov
7,s997,2,1,2.0,K115,115,K,black,"(0, 0, 0)",2.1,M111,111,M,magenta,"(255, 15, 207)",2.2,Topic B8,Topic A5,K115_2,M111_2,1,1,1,./Data/s997/session_videos/s997_tgt_K115_ptr_M111.mov
8,s997,2,2,3.0,P114,114,P,purple,"(138, 43, 226)",3.1,X0,0,X,no_color,"(255, 255, 255)",3.1,pass,pass,P114_2,X0_2,1,0,0,
9,s997,2,2,3.0,X0,0,X,no_color,"(255, 255, 255)",3.1,P114,114,P,purple,"(138, 43, 226)",3.1,pass,pass,X0_2,P114_2,0,0,0,
10,s997,2,3,1.0,B112,112,B,blue,"(0, 128, 255)",1.1,G113,113,G,green,"(2, 169, 47)",1.2,Topic B8,Topic A5,B112_2,G113_2,1,1,1,./Data/s997/session_videos/s997_tgt_B112_ptr_G113.mov
11,s997,2,3,1.0,G113,113,G,green,"(2, 169, 47)",1.2,B112,112,B,blue,"(0, 128, 255)",1.1,Topic B8,Topic A5,G113_2,B112_2,1,1,1,./Data/s997/session_videos/s997_tgt_G113_ptr_B112.mov
12,s997,3,1,3.0,M111,111,M,magenta,"(255, 15, 207)",3.1,X0,0,X,no_color,"(255, 255, 255)",3.1,pass,pass,M111_3,X0_3,1,0,0,
13,s997,3,1,3.0,X0,0,X,no_color,"(255, 255, 255)",3.1,M111,111,M,magenta,"(255, 15, 207)",3.1,pass,pass,X0_3,M111_3,0,0,0,
14,s997,3,2,1.0,K115,115,K,black,"(0, 0, 0)",1.2,G113,113,G,green,"(2, 169, 47)",1.1,Topic B5,Topic A4,K115_3,G113_3,1,1,1,./Data/s997/session_videos/s997_tgt_K115_ptr_G113.mov
15,s997,3,2,1.0,G113,113,G,green,"(2, 169, 47)",1.1,K115,115,K,black,"(0, 0, 0)",1.2,Topic B5,Topic A4,G113_3,K115_3,1,1,1,./Data/s997/session_videos/s997_tgt_G113_ptr_K115.mov
16,s997,3,3,2.0,P114,114,P,purple,"(138, 43, 226)",2.1,B112,112,B,blue,"(0, 128, 255)",2.2,Topic B5,Topic A4,P114_3,B112_3,1,1,1,./Data/s997/session_videos/s997_tgt_P114_ptr_B112.mov
17,s997,3,3,2.0,B112,112,B,blue,"(0, 128, 255)",2.2,P114,114,P,purple,"(138, 43, 226)",2.1,Topic B5,Topic A4,B112_3,P114_3,1,1,1,./Data/s997/session_videos/s997_tgt_B112_ptr_P114.mov
18,s997,4,1,2.0,M111,111,M,magenta,"(255, 15, 207)",2.1,G113,113,G,green,"(2, 169, 47)",2.2,Topic B2,Topic A8,M111_4,G113_4,1,1,1,./Data/s997/session_videos/s997_tgt_M111_ptr_G113.mov
19,s997,4,1,2.0,G113,113,G,green,"(2, 169, 47)",2.2,M111,111,M,magenta,"(255, 15, 207)",2.1,Topic B2,Topic A8,G113_4,M111_4,1,1,1,./Data/s997/session_videos/s997_tgt_G113_ptr_M111.mov
20,s997,4,2,3.0,X0,0,X,no_color,"(255, 255, 255)",3.1,B112,112,B,blue,"(0, 128, 255)",3.1,pass,pass,X0_4,B112_4,0,0,0,
21,s997,4,2,3.0,B112,112,B,blue,"(0, 128, 255)",3.1,X0,0,X,no_color,"(255, 255, 255)",3.1,pass,pass,B112_4,X0_4,1,0,0,
22,s997,4,3,1.0,K115,115,K,black,"(0, 0, 0)",1.1,P114,114,P,purple,"(138, 43, 226)",1.2,Topic A8,Topic B2,K115_4,P114_4,1,1,1,./Data/s997/session_videos/s997_tgt_K115_ptr_P114.mov
23,s997,4,3,1.0,P114,114,P,purple,"(138, 43, 226)",1.2,K115,115,K,black,"(0, 0, 0)",1.1,Topic A8,Topic B2,P114_4,K115_4,1,1,1,./Data/s997/session_videos/s997_tgt_P114_ptr_K115.mov
24,s997,5,1,1.0,M111,111,M,magenta,"(255, 15, 207)",1.1,B112,112,B,blue,"(0, 128, 255)",1.2,Topic A6,Topic B1,M111_5,B112_5,1,1,1,./Data/s997/session_videos/s997_tgt_M111_ptr_B112.mov
25,s997,5,1,1.0,B112,112,B,blue,"(0, 128, 255)",1.2,M111,111,M,magenta,"(255, 15, 207)",1.1,Topic A6,Topic B1,B112_5,M111_5,1,1,1,./Data/s997/session_videos/s997_tgt_B112_ptr_M111.mov
26,s997,5,2,2.0,G113,113,G,green,"(2, 169, 47)",2.1,P114,114,P,purple,"(138, 43, 226)",2.2,Topic B1,Topic A6,G113_5,P114_5,1,1,1,./Data/s997/session_videos/s997_tgt_G113_ptr_P114.mov
27,s997,5,2,2.0,P114,114,P,purple,"(138, 43, 226)",2.2,G113,113,G,green,"(2, 169, 47)",2.1,Topic B1,Topic A6,P114_5,G113_5,1,1,1,./Data/s997/session_videos/s997_tgt_P114_ptr_G113.mov
28,s997,5,3,3.0,X0,0,X,no_color,"(255, 255, 255)",3.1,K115,115,K,black,"(0, 0, 0)",3.1,pass,pass,X0_5,K115_5,0,0,0,
29,s997,5,3,3.0,K115,115,K,black,"(0, 0, 0)",3.1,X0,0,X,no_color,"(255, 255, 255)",3.1,pass,pass,K115_5,X0_5,1,0,0,
