row_num,session_code,interaction_num,conversation,room,pid,num_id,c_id,p_colour,p_colour_rgb,chair,ptr_id,ptr_num_id,ptr_c_id,ptr_colour,ptr_colour_rgb,ptr_chair,topic_1,topic_2,qr_name,ptr_qr_name,summary_qs_present,piq_present,video_filed,video_path
0,s999,1,1,1.0,M101,101,M,magenta,"(255, 15, 207)",1.1,P104,104,P,purple,"(138, 43, 226)",1.2,Topic A1,Topic B5,M101_1,P104_1,1,1,1,./Data/s999/session_videos/s999_tgt_M101_ptr_P104.mov
1,s999,1,1,1.0,P104,104,P,purple,"(138, 43, 226)",1.2,M101,101,M,magenta,"(255, 15, 207)",1.1,Topic A1,Topic B5,P104_1,M101_1,1,1,1,./Data/s999/session_videos/s999_tgt_P104_ptr_M101.mov
2,s999,1,2,2.0,B102,102,B,blue,"(0, 128, 255)",2.1,K105,105,K,black,"(0, 0, 0)",2.2,Topic A1,Topic B5,B102_1,K105_1,1,1,1,./Data/s999/session_videos/s999_tgt_B102_ptr_K105.mov
3,s999,1,2,2.0,K105,105,K,black,"(0, 0, 0)",2.2,B102,102,B,blue,"(0, 128, 255)",2.1,Topic A1,Topic B5,K105_1,B102_1,1,1,1,./Data/s999/session_videos/s999_tgt_K105_ptr_B102.mov
4,s999,1,3,3.0,G103,103,G,green,"(2, 169, 47)",3.1,X0,0,X,no_color,"(255, 255, 255)",3.1,pass,pass,G103_1,X0_1,1,0,0,
5,s999,1,3,3.0,X0,0,X,no_color,"(255, 255, 255)",3.1,G103,103,G,green,"(2, 169, 47)",3.1,pass,pass,X0_1,G103_1,0,0,0,
6,s999,2,1,2.0,M101,101,M,magenta,"(255, 15, 207)",2.2,K105,105,K,black,"(0, 0, 0)",2.1,Topic B4,Topic A6,M101_2,K105_2,1,1,1,./Data/s999/session_videos/s999_tgt_M101_ptr_K105.mov
7,s999,2,1,2.0,K105,105,K,black,"(0, 0, 0)",2.1,M101,101,M,magenta,"(255, 15, 207)",2.2,Topic B4,Topic A6,K105_2,M101_2,1,1,1,./Data/s999/session_videos/s999_tgt_K105_ptr_M101.mov
8,s999,2,2,3.0,P104,104,P,purple,"(138, 43, 226)",3.1,X0,0,X,no_color,"(255, 255, 255)",3.1,pass,pass,P104_2,X0_2,1,0,0,
9,s999,2,2,3.0,X0,0,X,no_color,"(255, 255, 255)",3.1,P104,104,P,purple,"(138, 43, 226)",3.1,pass,pass,X0_2,P104_2,0,0,0,
10,s999,2,3,1.0,B102,102,B,blue,"(0, 128, 255)",1.1,G103,103,G,green,"(2, 169, 47)",1.2,Topic B4,Topic A6,B102_2,G103_2,1,1,1,./Data/s999/session_videos/s999_tgt_B102_ptr_G103.mov
11,s999,2,3,1.0,G103,103,G,green,"(2, 169, 47)",1.2,B102,102,B,blue,"(0, 128, 255)",1.1,Topic B4,Topic A6,G103_2,B102_2,1,1,1,./Data/s999/session_videos/s999_tgt_G103_ptr_B102.mov
12,s999,3,1,3.0,M101,101,M,magenta,"(255, 15, 207)",3.1,X0,0,X,no_color,"(255, 255, 255)",3.1,pass,pass,M101_3,X0_3,1,0,0,
13,s999,3,1,3.0,X0,0,X,no_color,"(255, 255, 255)",3.1,M101,101,M,magenta,"(255, 15, 207)",3.1,pass,pass,X0_3,M101_3,0,0,0,
14,s999,3,2,1.0,K105,105,K,black,"(0, 0, 0)",1.2,G103,103,G,green,"(2, 169, 47)",1.1,Topic A4,Topic B2,K105_3,G103_3,1,1,1,./Data/s999/session_videos/s999_tgt_K105_ptr_G103.mov
15,s999,3,2,1.0,G103,103,G,green,"(2, 169, 47)",1.1,K105,105,K,black,"(0, 0, 0)",1.2,Topic A4,Topic B2,G103_3,K105_3,1,1,1,./Data/s999/session_videos/s999_tgt_G103_ptr_K105.mov
16,s999,3,3,2.0,P104,104,P,purple,"(138, 43, 226)",2.1,B102,102,B,blue,"(0, 128, 255)",2.2,Topic A4,Topic B2,P104_3,B102_3,1,1,1,./Data/s999/session_videos/s999_tgt_P104_ptr_B102.mov
17,s999,3,3,2.0,B102,102,B,blue,"(0, 128, 255)",2.2,P104,104,P,purple,"(138, 43, 226)",2.1,Topic A4,Topic B2,B102_3,P104_3,1,1,1,./Data/s999/session_videos/s999_tgt_B102_ptr_P104.mov
18,s999,4,1,2.0,M101,101,M,magenta,"(255, 15, 207)",2.1,G103,103,G,green,"(2, 169, 47)",2.2,Topic A3,Topic B8,M101_4,G103_4,1,1,1,./Data/s999/session_videos/s999_tgt_M101_ptr_G103.mov
19,s999,4,1,2.0,G103,103,G,green,"(2, 169, 47)",2.2,M101,101,M,magenta,"(255, 15, 207)",2.1,Topic A3,Topic B8,G103_4,M101_4,1,1,1,./Data/s999/session_videos/s999_tgt_G103_ptr_M101.mov
20,s999,4,2,3.0,X0,0,X,no_color,"(255, 255, 255)",3.1,B102,102,B,blue,"(0, 128, 255)",3.1,pass,pass,X0_4,B102_4,0,0,0,
21,s999,4,2,3.0,B102,102,B,blue,"(0, 128, 255)",3.1,X0,0,X,no_color,"(255, 255, 255)",3.1,pass,pass,B102_4,X0_4,1,0,0,
22,s999,4,3,1.0,K105,105,K,black,"(0, 0, 0)",1.1,P104,104,P,purple,"(138, 43, 226)",1.2,Topic B8,Topic A3,K105_4,P104_4,1,1,1,./Data/s999/session_videos/s999_tgt_K105_ptr_P104.mov
23,s999,4,3,1.0,P104,104,P,purple,"(138, 43, 226)",1.2,K105,105,K,black,"(0, 0, 0)",1.1,Topic B8,Topic A3,P104_4,K105_4,1,1,1,./Data/s999/session_videos/s999_tgt_P104_ptr_K105.mov
24,s999,5,1,1.0,M101,101,M,magenta,"(255, 15, 207)",1.1,B102,102,B,blue,"(0, 128, 255)",1.2,Topic B7,Topic A7,M101_5,B102_5,1,1,1,./Data/s999/session_videos/s999_tgt_M101_ptr_B102.mov
25,s999,5,1,1.0,B102,102,B,blue,"(0, 128, 255)",1.2,M101,101,M,magenta,"(255, 15, 207)",1.1,Topic B7,Topic A7,B102_5,M101_5,1,1,1,./Data/s999/session_videos/s999_tgt_B102_ptr_M101.mov
26,s999,5,2,2.0,G103,103,G,green,"(2, 169, 47)",2.1,P104,104,P,purple,"(138, 43, 226)",2.2,Topic A7,Topic B7,G103_5,P104_5,1,1,1,./Data/s999/session_videos/s999_tgt_G103_ptr_P104.mov
27,s999,5,2,2.0,P104,104,P,purple,"(138, 43, 226)",2.2,G103,103,G,green,"(2, 169, 47)",2.1,Topic A7,Topic B7,P104_5,G103_5,1,1,1,./Data/s999/session_videos/s999_tgt_P104_ptr_G103.mov
28,s999,5,3,3.0,X0,0,X,no_color,"(255, 255, 255)",3.1,K105,105,K,black,"(0, 0, 0)",3.1,pass,pass,X0_5,K105_5,0,0,0,
29,s999,5,3,3.0,K105,105,K,black,"(0, 0, 0)",3.1,X0,0,X,no_color,"(255, 255, 255)",3.1,pass,pass,K105_5,X0_5,1,0,0,
