row_num,session_code,interaction_num,conversation,room,pid,num_id,c_id,p_colour,p_colour_rgb,chair,ptr_id,ptr_num_id,ptr_c_id,ptr_colour,ptr_colour_rgb,ptr_chair,topic_1,topic_2,qr_name,ptr_qr_name
0,s996,1,1,1,M116,116,M,magenta,"(255, 15, 207)",1.1,P119,119,P,purple,"(138, 43, 226)",1.2,Topic A3,Topic B7,M116_1,P119_1
1,s996,1,1,1,P119,119,P,purple,"(138, 43, 226)",1.2,M116,116,M,magenta,"(255, 15, 207)",1.1,Topic A3,Topic B7,P119_1,M116_1
2,s996,1,2,2,B117,117,B,blue,"(0, 128, 255)",2.1,K120,120,K,black,"(0, 0, 0)",2.2,Topic B7,Topic A3,B117_1,K120_1
3,s996,1,2,2,K120,120,K,black,"(0, 0, 0)",2.2,B117,117,B,blue,"(0, 128, 255)",2.1,Topic B7,Topic A3,K120_1,B117_1
4,s996,2,1,2,M116,116,M,magenta,"(255, 15, 207)",2.2,K120,120,K,black,"(0, 0, 0)",2.1,Topic A5,Topic B3,M116_2,K120_2
5,s996,2,1,2,K120,120,K,black,"(0, 0, 0)",2.1,M116,116,M,magenta,"(255, 15, 207)",2.2,Topic A5,Topic B3,K120_2,M116_2
6,s996,2,2,1,P119,119,P,purple,"(138, 43, 226)",1.1,B117,117,B,blue,"(0, 128, 255)",1.2,Topic B3,Topic A5,P119_2,B117_2
7,s996,2,2,1,B117,117,B,blue,"(0, 128, 255)",1.2,P119,119,P,purple,"(138, 43, 226)",1.1,Topic B3,Topic A5,B117_2,P119_2
8,s996,3,1,1,M116,116,M,magenta,"(255, 15, 207)",1.2,B117,117,B,blue,"(0, 128, 255)",1.1,Topic A2,Topic B4,M116_3,B117_3
9,s996,3,1,1,B117,117,B,blue,"(0, 128, 255)",1.1,M116,116,M,magenta,"(255, 15, 207)",1.2,Topic A2,Topic B4,B117_3,M116_3
10,s996,3,2,2,K120,120,K,black,"(0, 0, 0)",2.2,P119,119,P,purple,"(138, 43, 226)",2.1,Topic B4,Topic A2,K120_3,P119_3
11,s996,3,2,2,P119,119,P,purple,"(138, 43, 226)",2.1,K120,120,K,black,"(0, 0, 0)",2.2,Topic B4,Topic A2,P119_3,K120_3