row_num,session_code,interaction_num,conversation,room,pid,num_id,c_id,p_colour,p_colour_rgb,chair,ptr_id,ptr_num_id,ptr_c_id,ptr_colour,ptr_colour_rgb,ptr_chair,topic_1,topic_2,qr_name,ptr_qr_name,summary_qs_present,piq_present,video_filed,video_path
0,s996,1,1,1.0,M116,116,M,magenta,"(255, 15, 207)",1.1,P119,119,P,purple,"(138, 43, 226)",1.2,Topic A3,Topic B7,M116_1,P119_1,1,1,1,./Data/s996/session_videos/s996_tgt_M116_ptr_P119.mov
1,s996,1,1,1.0,P119,119,P,purple,"(138, 43, 226)",1.2,M116,116,M,magenta,"(255, 15, 207)",1.1,Topic A3,Topic B7,P119_1,M116_1,1,1,1,./Data/s996/session_videos/s996_tgt_P119_ptr_M116.mov
2,s996,1,2,2.0,B117,117,B,blue,"(0, 128, 255)",2.1,K120,120,K,black,"(0, 0, 0)",2.2,Topic B7,Topic A3,B117_1,K120_1,1,2,1,./Data/s996/session_videos/s996_tgt_B117_ptr_K120.mov
3,s996,1,2,2.0,K120,120,K,black,"(0, 0, 0)",2.2,B117,117,B,blue,"(0, 128, 255)",2.1,Topic B7,Topic A3,K120_1,B117_1,1,0,1,./Data/s996/session_videos/s996_tgt_K120_ptr_B117.mov
4,s996,2,1,2.0,M116,116,M,magenta,"(255, 15, 207)",2.2,K120,120,K,black,"(0, 0, 0)",2.1,Topic A5,Topic B3,M116_2,K120_2,1,1,1,./Data/s996/session_videos/s996_tgt_M116_ptr_K120.mov
5,s996,2,1,2.0,K120,120,K,black,"(0, 0, 0)",2.1,M116,116,M,magenta,"(255, 15, 207)",2.2,Topic A5,Topic B3,K120_2,M116_2,1,1,1,./Data/s996/session_videos/s996_tgt_K120_ptr_M116.mov
6,s996,2,2,1.0,P119,119,P,purple,"(138, 43, 226)",1.1,B117,117,B,blue,"(0, 128, 255)",1.2,Topic B3,Topic A5,P119_2,B117_2,1,1,1,./Data/s996/session_videos/s996_tgt_P119_ptr_B117.mov
7,s996,2,2,1.0,B117,117,B,blue,"(0, 128, 255)",1.2,P119,119,P,purple,"(138, 43, 226)",1.1,Topic B3,Topic A5,B117_2,P119_2,1,1,1,./Data/s996/session_videos/s996_tgt_B117_ptr_P119.mov
8,s996,3,1,1.0,M116,116,M,magenta,"(255, 15, 207)",1.2,B117,117,B,blue,"(0, 128, 255)",1.1,Topic A2,Topic B4,M116_3,B117_3,1,1,1,./Data/s996/session_videos/s996_tgt_M116_ptr_B117.mov
9,s996,3,1,1.0,B117,117,B,blue,"(0, 128, 255)",1.1,M116,116,M,magenta,"(255, 15, 207)",1.2,Topic A2,Topic B4,B117_3,M116_3,1,1,1,./Data/s996/session_videos/s996_tgt_B117_ptr_M116.mov
10,s996,3,2,2.0,K120,120,K,black,"(0, 0, 0)",2.2,P119,119,P,purple,"(138, 43, 226)",2.1,Topic B4,Topic A2,K120_3,P119_3,1,1,1,./Data/s996/session_videos/s996_tgt_K120_ptr_P119.mov
11,s996,3,2,2.0,P119,119,P,purple,"(138, 43, 226)",2.1,K120,120,K,black,"(0, 0, 0)",2.2,Topic B4,Topic A2,P119_3,K120_3,1,1,1,./Data/s996/session_videos/s996_tgt_P119_ptr_K120.mov
